codigo,cantidad_minima,descuento_porcentaje
CD0482,3,2
CD0482,10,5
CD0385,3,2
CD0385,10,5
CD0393,3,2
CD0393,10,5
CD0525,3,2
CD0525,10,5
DE0646,3,4
DE0646,10,9
DE0318,3,4
DE0318,10,9
DE0374,3,4
DE0374,10,9
DE0463,3,4
DE0463,10,9
DE0652,3,4
DE0652,10,9
DS1328,3,2
DS1328,10,5
DS2426,3,2
DS2426,10,5
DS2183,3,2
DS2183,10,5
DS1329,3,2
DS1329,10,5
DT1459,3,4
DT1459,10,9
DT1679,3,4
DT1679,10,9
DT0495,3,4
DT0495,10,9
DT1675,3,4
DT1675,10,9
DT1117,3,4
DT1117,10,9
DT0949,3,4
DT0949,10,9
DT1320,3,4
DT1320,10,9
DT0850,3,4
DT0850,10,9
FP1384,3,2
FP1384,10,5
FP1383,3,2
FP1383,10,5
FP0765,3,2
FP0765,10,5
FP0763,3,2
FP0763,10,5
FP0764,3,2
FP0764,10,5
FP0762,3,2
FP0762,10,5
JT1377,3,2
JT1377,10,5
JT1361,3,4
JT1361,10,9
JT1353,3,4
JT1353,10,9
JT1345,3,4
JT1345,10,9
JT1412,3,4
JT1412,10,9
JT1359,3,4
JT1359,10,9
JT1368,3,2
JT1368,10,6
JT1357,3,4
JT1357,10,9
JT1355,3,4
JT1355,10,9
JT1369,3,2
JT1369,10,6
LI0479,3,4
LI0479,10,9
LI1064,3,4
LI1064,10,9
LI0476,3,4
LI0476,10,9
LI0475,3,4
LI0475,10,9
LI0471,3,4
LI0471,10,9
LI0469,3,4
LI0469,10,9
LI0473,3,4
LI0473,10,9
LI0470,3,4
LI0470,10,9
LI0474,3,4
LI0474,10,9
SH3396,3,2
SH3396,10,5
SH3394,3,2
SH3394,10,5
SH3392,3,2
SH3392,10,5
SH3393,3,2
SH3393,10,5
SH3395,3,2
SH3395,10,5
SH4196,3,2
SH4196,10,5
SH3152,3,2
SH3152,10,6
SH3254,3,2
SH3254,10,6
SH4198,3,2
SH4198,10,6
SH3545,3,2
SH3545,10,6
SH2701,3,2
SH2701,10,6
SH2721,3,2
SH2721,10,6
SR1117,3,2
SR1117,10,6
SR1129,3,4
SR1129,10,9
SR1132,3,4
SR1132,10,9
SR1130,3,4
SR1130,10,9
SR0958,3,4
SR0958,10,9
SR0959,3,4
SR0959,10,9
SR0956,3,4
SR0956,10,9
SR0963,3,4
SR0963,10,9
SR0957,3,4
SR0957,10,9
SR1137,3,4
SR1137,10,9
SR1133,3,4
SR1133,10,9
SR0983,3,2
SR0983,10,6
SR0116,3,4
SR0116,10,9
SR0420,3,4
SR0420,10,9
SR0419,3,4
SR0419,10,9
SR0417,3,4
SR0417,10,9
SR0416,3,2
SR0416,10,6
AR0540,3,3
AR0540,10,5
AR0184,3,3
AR0184,10,5
AR0182,3,3
AR0182,10,5
BL0201,3,3
BL0201,10,5
BL0278,3,3
BL0278,10,5
BL0274,3,3
BL0274,10,5
BL0177,3,3
BL0177,10,5
BL0240,3,3
BL0240,10,5
BL0503,3,3
BL0503,10,5
BL0518,3,3
BL0518,10,5
BL0307,3,3
BL0307,10,5
BL0509,3,3
BL0509,10,5
BL0314,3,3
BL0314,10,5
BL0299,3,3
BL0299,10,5
BL0315,3,3
BL0315,10,5
BL0310,3,3
BL0310,10,5
BL0602,3,3
BL0602,10,5
DT1870,3,3
DT1870,10,5
DT1871,3,3
DT1871,10,5
LI1110,3,3
LI1110,10,5
LI1121,3,3
LI1121,10,5
LI1071,3,3
LI1071,10,5
LI1127,3,3
LI1127,10,5
LI1075,3,3
LI1075,10,5
LI1047,3,3
LI1047,10,5
LI1061,3,3
LI1061,10,5
SR0573,3,3
SR0573,10,5
SR0344,3,3
SR0344,10,5
SR0242,3,3
SR0242,10,5
SR0526,3,3
SR0526,10,5
SR0965,3,3
SR0965,10,5
SR0237,3,3
SR0237,10,5
SR0228,3,3
SR0228,10,5
SR0489,3,3
SR0489,10,5
SR0904,3,3
SR0904,10,5
SR0925,3,3
SR0925,10,5
SR0782,3,3
SR0782,10,5
SR0239,3,3
SR0239,10,5
SR0797,3,3
SR0797,10,5
SR0487,3,3
SR0487,10,5
SR0278,3,3
SR0278,10,5
SR0240,3,3
SR0240,10,5
SR0488,3,3
SR0488,10,5
SR0989,3,3
SR0989,10,5
SR0784,3,3
SR0784,10,5
SR0920,3,3
SR0920,10,5
SR0906,3,3
SR0906,10,5
SR0238,3,3
SR0238,10,5
SR0485,3,3
SR0485,10,5
SR0241,3,3
SR0241,10,5
SR0946,3,3
SR0946,10,5
SR0948,3,3
SR0948,10,5
SR1122,3,3
SR1122,10,5
